<?xml version="1.0" encoding="UTF-8" standalone="no"?>
<BlockMap xmlns="http://schemas.microsoft.com/appx/2010/blockmap" xmlns:b4="http://schemas.microsoft.com/appx/2021/blockmap" IgnorableNamespaces="b4" HashMethod="http://www.w3.org/2001/04/xmlenc#sha256"><File Name="msvcp140_2_app.dll" Size="21384" LfhSize="48"><Block Hash="WAyFXh5YUQIHuRVt+b2zL/vRXORAW6vLkGlCEqh5hYc=" Size="10738"/></File><File Name="msvcp140_app.dll" Size="259968" LfhSize="46"><Block Hash="hKJmewMAV8JQr1Ps04VCGhmn40SAjSzCIKBSIvOgkkQ=" Size="16631"/><Block Hash="aoxSO6LMNFBP0+0RzeXvQAy2OHkfAfRtK76MZWxTspE=" Size="4968"/><Block Hash="NniG4FMwCQb9TRaeZ/UWkhsT22EGb3MeVcdABzSw/pY=" Size="3564"/><Block Hash="dR6b4bcH0D6KPyTDwiKl3/RnYCIMQXPYtdtHq4YXg6M=" Size="11784"/><b4:FileHash Hash="0GN4CRYM4EPlUw2va5O/WWEbTeQJJ0xVuoeizvV8sgI="/></File><File Name="msvcp140_1_app.dll" Size="19336" LfhSize="48"><Block Hash="tdN7dv4QfV0j9Ji1gs8R3Bs8RknIRO19x8LicAEHKCM=" Size="10214"/></File><File Name="vcruntime140_app.dll" Size="22920" LfhSize="50"><Block Hash="jaD7DXScRN6Cfe4X+tmPRzucZvQp+6yue7KtHAFmyyw=" Size="11369"/></File><File Name="vcruntime140_1_app.dll" Size="18824" LfhSize="52"><Block Hash="Lv6UCq4Kxw4R2u7sWiAKJKo9II5Vi8GBCdhaK5ehb24=" Size="10089"/></File><File Name="vcomp140_app.dll" Size="25480" LfhSize="46"><Block Hash="5u8kK2iykaHYR1q9S7hUjdu8fU+6fJu1Ee8ukgKLbIQ=" Size="11742"/></File><File Name="vccorlib140_app.dll" Size="51080" LfhSize="49"><Block Hash="51itr+cOSKT3mxm2wgE+NXFEFQVLaz7mcuuRtY6R9sg=" Size="15528"/></File><File Name="concrt140_app.dll" Size="58248" LfhSize="47"><Block Hash="1ypDkcSFK/Twk38Y1+2/msQ0PhmGHXhWwklhXBLk3Zw=" Size="16439"/></File><File Name="vcamp140_app.dll" Size="46984" LfhSize="46"><Block Hash="4yQgyfMEagES/V+0dAGXhWXbK8rZWFe+ekvIPwX3qm8=" Size="14325"/></File><File Name="Microsoft.UI.Xaml.winmd" Size="288656" LfhSize="53"><Block Hash="z8rg94OxTHAhHVrXHQogYRjyM1udICfcMfHW5XVW0TA=" Size="22705"/><Block Hash="VfRGq86XS4dL2kNw+YB8fJuRIMesWRSbzaTwfnY0oVQ=" Size="20504"/><Block Hash="8WJaHlDCOgUFgqN67cqixJZfAmtAFUFmLBlYkzyPguU=" Size="27424"/><Block Hash="1C3SW9whsP8JfOT41+z4oYwnyYzulsxDPJlh5gAjOmo=" Size="19051"/><Block Hash="4Fmz324cXMt8JJGco0QqSh+khxLrExAHcPn9eOrjjKM=" Size="9277"/><b4:FileHash Hash="5MAYIqFIFB3vclkfsFfsucjs0O+CWFpHheKKyslS3A8="/></File><File Name="Assets\AppPackageAppList.targetsize-16_altform-unplated.png" Size="185" LfhSize="89"><Block Hash="HR++j/OaaOAkHcUrzLAs5TJEaafIAYUGDV2CqOsvMk4="/></File><File Name="Assets\AppPackageAppList.targetsize-20.png" Size="215" LfhSize="72"><Block Hash="pO9UmnYaIe29VRJHRVGjAxTN26jtT9NI4r26hca7cQE="/></File><File Name="Assets\AppPackageAppList.targetsize-20_altform-unplated.png" Size="215" LfhSize="89"><Block Hash="pO9UmnYaIe29VRJHRVGjAxTN26jtT9NI4r26hca7cQE="/></File><File Name="Assets\AppPackageAppList.targetsize-24.png" Size="227" LfhSize="72"><Block Hash="sadRuj8MfGMarraJEW9GnUcY3iekobWrAQzSiUGMQjc="/></File><File Name="Assets\AppPackageAppList.targetsize-24_altform-unplated.png" Size="227" LfhSize="89"><Block Hash="sadRuj8MfGMarraJEW9GnUcY3iekobWrAQzSiUGMQjc="/></File><File Name="Assets\AppPackageAppList.targetsize-256.png" Size="1684" LfhSize="73"><Block Hash="ZPPUVoAhpaVDpga8YLy57ifOGd993f1aJwRZ5MW+RlI="/></File><File Name="Assets\AppPackageAppList.targetsize-256_altform-unplated.png" Size="1684" LfhSize="90"><Block Hash="ZPPUVoAhpaVDpga8YLy57ifOGd993f1aJwRZ5MW+RlI="/></File><File Name="Assets\AppPackageAppList.targetsize-30.png" Size="271" LfhSize="72"><Block Hash="veb5ZwXifuaV6AmHds6SX+NRmIusCYT1rutsYMIPwL4="/></File><File Name="Assets\AppPackageAppList.targetsize-30_altform-unplated.png" Size="271" LfhSize="89"><Block Hash="veb5ZwXifuaV6AmHds6SX+NRmIusCYT1rutsYMIPwL4="/></File><File Name="Assets\AppPackageAppList.targetsize-32.png" Size="276" LfhSize="72"><Block Hash="QefD0JsJ+l0EiIvQvI8qKz3pMf+CZfwK7rpt8YWJeXE="/></File><File Name="Assets\AppPackageAppList.targetsize-32_altform-unplated.png" Size="276" LfhSize="89"><Block Hash="QefD0JsJ+l0EiIvQvI8qKz3pMf+CZfwK7rpt8YWJeXE="/></File><File Name="Assets\AppPackageAppList.targetsize-36.png" Size="302" LfhSize="72"><Block Hash="W6zksYGnGt078+mbv0TvyYAOShkAXkWvd2dq9SEUr8Q="/></File><File Name="Assets\AppPackageAppList.targetsize-36_altform-unplated.png" Size="302" LfhSize="89"><Block Hash="W6zksYGnGt078+mbv0TvyYAOShkAXkWvd2dq9SEUr8Q="/></File><File Name="Assets\AppPackageAppList.targetsize-40.png" Size="326" LfhSize="72"><Block Hash="9E/KGKQCB5fLZy27tQBd73r3EQe2ASbgb7FOKTmUz38="/></File><File Name="Assets\AppPackageAppList.targetsize-40_altform-unplated.png" Size="326" LfhSize="89"><Block Hash="9E/KGKQCB5fLZy27tQBd73r3EQe2ASbgb7FOKTmUz38="/></File><File Name="Assets\AppPackageAppList.targetsize-48.png" Size="368" LfhSize="72"><Block Hash="+yEcoWcl9kD8LnRUME8sTaNO2zSD0wZeqMCHWIKLqec="/></File><File Name="Assets\AppPackageAppList.targetsize-48_altform-unplated.png" Size="368" LfhSize="89"><Block Hash="+yEcoWcl9kD8LnRUME8sTaNO2zSD0wZeqMCHWIKLqec="/></File><File Name="Assets\AppPackageAppList.targetsize-60.png" Size="436" LfhSize="72"><Block Hash="WeNY2yR6oR5ASbmnr3XsF049iGaPF2SH0GVfZdI5oPc="/></File><File Name="Assets\AppPackageAppList.targetsize-60_altform-unplated.png" Size="436" LfhSize="89"><Block Hash="WeNY2yR6oR5ASbmnr3XsF049iGaPF2SH0GVfZdI5oPc="/></File><File Name="Assets\AppPackageAppList.targetsize-16.png" Size="185" LfhSize="72"><Block Hash="HR++j/OaaOAkHcUrzLAs5TJEaafIAYUGDV2CqOsvMk4="/></File><File Name="Assets\AppPackageAppList.targetsize-64_altform-unplated.png" Size="412" LfhSize="89"><Block Hash="qJbU1f2nvrEsxQuqdPL9rVok7b0/+RCF+ExhujKRIEw="/></File><File Name="Assets\AppPackageAppList.targetsize-72.png" Size="486" LfhSize="72"><Block Hash="VTnCVowymQWabj+o90weFU6/ZGjeN6Q9f8LCaByHdhE="/></File><File Name="AppInstaller.sccd" Size="15058" LfhSize="47"><Block Hash="FxBV3Waiwr65vrBqYVCF6ee38RDfmTS3x4bw7WCawSQ=" Size="8652"/></File><File Name="Assets\256x256.png" Size="8615" LfhSize="48"><Block Hash="5kAXOjfaoBYxYxl6Wd3VuE/lpGu9tt/ug90P463M64E="/></File><File Name="Assets\AppPackageAppList.targetsize-64.png" Size="412" LfhSize="72"><Block Hash="qJbU1f2nvrEsxQuqdPL9rVok7b0/+RCF+ExhujKRIEw="/></File><File Name="Assets\AppPackageAppList.scale-200.png" Size="467" LfhSize="68"><Block Hash="7i8xkh0Al1rx/cTVjEV5EJDkuqM2Z+A2LJu5c6j7zN4="/></File><File Name="Assets\AppPackageAppList.targetsize-96_altform-unplated.png" Size="663" LfhSize="89"><Block Hash="tfeyDKMrEkkb62Co9vYTc1FYamlWdwoVObgUJ7LPQrM="/></File><File Name="Assets\AppPackageBadgeLogo.scale-200.png" Size="368" LfhSize="70"><Block Hash="+yEcoWcl9kD8LnRUME8sTaNO2zSD0wZeqMCHWIKLqec="/></File><File Name="Assets\AppPackageLargeTile.scale-200.png" Size="2522" LfhSize="70"><Block Hash="JYHWJYQZ2T5SvTCiLeQAsh0g99hsj/DFlX4drNjcujU="/></File><File Name="Assets\AppPackageMedTile.scale-200.png" Size="1113" LfhSize="68"><Block Hash="0YyrGFIysOVrVhw1a38uAwBD4xxOPs0UUrwB1nxeTHo="/></File><File Name="Assets\AppPackageSmallTile.scale-200.png" Size="636" LfhSize="70"><Block Hash="OZUofihxnlSM/ZRLk5W1D10/UOeKPg3hcQctWNUIi8I="/></File><File Name="Assets\AppPackageSplashScreen.scale-200.png" Size="3246" LfhSize="73"><Block Hash="gxwqL43wEN688Zb+lg2OSs53h8hbP2C5kl7HsWIK3vQ="/></File><File Name="Assets\AppPackageStoreLogo.scale-200.png" Size="494" LfhSize="70"><Block Hash="5cUJcGhUfqKMqydVnrUO0ASeNSE3Z8a4PL7vdBFUtw4="/></File><File Name="Assets\AppPackageWideTile.scale-200.png" Size="1330" LfhSize="69"><Block Hash="tHSojnxx3Ja8zDFr7yGRwakQXkmvF1ijH4QfHnsuCKU="/></File><File Name="Assets\CertOriginTrusted.png" Size="23834" LfhSize="58"><Block Hash="yNklD3bTMOutWPU1MSglf29gdBBAxgrk9ySNFPDRVIg="/></File><File Name="Assets\CertOriginUntrusted.png" Size="20891" LfhSize="60"><Block Hash="fADdR1NAYKcdoFI2MIF6a8otuXLL8bZOcaqkxY+zuLA="/></File><File Name="Assets\FileIcons\FileLogoExtensions.targetsize-20.png" Size="728" LfhSize="83"><Block Hash="Nw4a/w71m4QuC9Shc/XWexb0dVtSHl78AVEIGyNEOaE="/></File><File Name="Assets\FileIcons\FileLogoExtensions.targetsize-24.png" Size="876" LfhSize="83"><Block Hash="8riy01kULNUALSDPa9RQ0DBhMfK1BN1UPwMFetqApgs="/></File><File Name="Assets\FileIcons\FileLogoExtensions.targetsize-256.png" Size="8615" LfhSize="84"><Block Hash="5kAXOjfaoBYxYxl6Wd3VuE/lpGu9tt/ug90P463M64E="/></File><File Name="Assets\FileIcons\FileLogoExtensions.targetsize-32.png" Size="1138" LfhSize="83"><Block Hash="lBp1UMk1NqZZ4chNYkJp0H85THK4+Vz9bRXQX7nuOKo="/></File><File Name="Assets\FileIcons\FileLogoExtensions.targetsize-40.png" Size="1436" LfhSize="83"><Block Hash="LYoDG/giHOyPR6wcuic8RAmhl9rG3WnOTzu8lHGChk0="/></File><File Name="Assets\FileIcons\FileLogoExtensions.targetsize-48.png" Size="1734" LfhSize="83"><Block Hash="ht+2IxKDKK2Xy2HpLEzJsjBHotprzJp2ARIr/gzqX08="/></File><File Name="Assets\FileIcons\FileLogoExtensions.targetsize-64.png" Size="2393" LfhSize="83"><Block Hash="I9UWyPlQZMlbDnUsxE0bYTJf1E2PvfQ0BvdWQOXOQQg="/></File><File Name="Assets\FileIcons\FileLogoExtensions.targetsize-16.png" Size="284" LfhSize="83"><Block Hash="xWYC7SeWil4a8vZ5h1LNaWcGj0swaVGPgdE8rv16j8U="/></File><File Name="Assets\Shield.png" Size="296" LfhSize="47"><Block Hash="5F9peoHhy9RgRqUFl7qa8I4dgxFkfWKhdALMQYsPY+g="/></File><File Name="Assets\AppPackageAppList.targetsize-96.png" Size="663" LfhSize="72"><Block Hash="tfeyDKMrEkkb62Co9vYTc1FYamlWdwoVObgUJ7LPQrM="/></File><File Name="Assets\AppPackageAppList.targetsize-80.png" Size="505" LfhSize="72"><Block Hash="fpvrVHixcSCKdtt3wHBRJgHRE3ftc3J59k4KP46jjsM="/></File><File Name="Assets\AppPackageAppList.targetsize-72_altform-unplated.png" Size="486" LfhSize="89"><Block Hash="VTnCVowymQWabj+o90weFU6/ZGjeN6Q9f8LCaByHdhE="/></File><File Name="Assets\AppPackageAppList.targetsize-80_altform-unplated.png" Size="505" LfhSize="89"><Block Hash="fpvrVHixcSCKdtt3wHBRJgHRE3ftc3J59k4KP46jjsM="/></File><File Name="Assets\contrast-black\AppPackageAppList.targetsize-36_altform-unplated_contrast-black.png" Size="302" LfhSize="119"><Block Hash="W6zksYGnGt078+mbv0TvyYAOShkAXkWvd2dq9SEUr8Q="/></File><File Name="Assets\contrast-black\AppPackageAppList.targetsize-36_contrast-black.png" Size="302" LfhSize="102"><Block Hash="W6zksYGnGt078+mbv0TvyYAOShkAXkWvd2dq9SEUr8Q="/></File><File Name="Assets\contrast-black\AppPackageAppList.targetsize-40_altform-unplated_contrast-black.png" Size="326" LfhSize="119"><Block Hash="9E/KGKQCB5fLZy27tQBd73r3EQe2ASbgb7FOKTmUz38="/></File><File Name="Assets\contrast-black\AppPackageAppList.targetsize-40_contrast-black.png" Size="326" LfhSize="102"><Block Hash="9E/KGKQCB5fLZy27tQBd73r3EQe2ASbgb7FOKTmUz38="/></File><File Name="Assets\contrast-black\AppPackageAppList.targetsize-48_altform-unplated_contrast-black.png" Size="368" LfhSize="119"><Block Hash="+yEcoWcl9kD8LnRUME8sTaNO2zSD0wZeqMCHWIKLqec="/></File><File Name="Assets\contrast-black\AppPackageAppList.targetsize-48_contrast-black.png" Size="368" LfhSize="102"><Block Hash="+yEcoWcl9kD8LnRUME8sTaNO2zSD0wZeqMCHWIKLqec="/></File><File Name="Assets\contrast-black\AppPackageAppList.targetsize-60_altform-unplated_contrast-black.png" Size="436" LfhSize="119"><Block Hash="WeNY2yR6oR5ASbmnr3XsF049iGaPF2SH0GVfZdI5oPc="/></File><File Name="Assets\contrast-black\AppPackageAppList.targetsize-60_contrast-black.png" Size="436" LfhSize="102"><Block Hash="WeNY2yR6oR5ASbmnr3XsF049iGaPF2SH0GVfZdI5oPc="/></File><File Name="Assets\contrast-black\AppPackageAppList.targetsize-64_altform-unplated_contrast-black.png" Size="412" LfhSize="119"><Block Hash="qJbU1f2nvrEsxQuqdPL9rVok7b0/+RCF+ExhujKRIEw="/></File><File Name="Assets\contrast-black\AppPackageAppList.targetsize-64_contrast-black.png" Size="412" LfhSize="102"><Block Hash="qJbU1f2nvrEsxQuqdPL9rVok7b0/+RCF+ExhujKRIEw="/></File><File Name="Assets\contrast-black\AppPackageAppList.targetsize-72_altform-unplated_contrast-black.png" Size="486" LfhSize="119"><Block Hash="VTnCVowymQWabj+o90weFU6/ZGjeN6Q9f8LCaByHdhE="/></File><File Name="Assets\contrast-black\AppPackageAppList.targetsize-72_contrast-black.png" Size="486" LfhSize="102"><Block Hash="VTnCVowymQWabj+o90weFU6/ZGjeN6Q9f8LCaByHdhE="/></File><File Name="Assets\contrast-black\AppPackageAppList.targetsize-80_altform-unplated_contrast-black.png" Size="505" LfhSize="119"><Block Hash="fpvrVHixcSCKdtt3wHBRJgHRE3ftc3J59k4KP46jjsM="/></File><File Name="Assets\contrast-black\AppPackageAppList.targetsize-80_contrast-black.png" Size="505" LfhSize="102"><Block Hash="fpvrVHixcSCKdtt3wHBRJgHRE3ftc3J59k4KP46jjsM="/></File><File Name="Assets\contrast-black\AppPackageAppList.targetsize-96_altform-unplated_contrast-black.png" Size="663" LfhSize="119"><Block Hash="tfeyDKMrEkkb62Co9vYTc1FYamlWdwoVObgUJ7LPQrM="/></File><File Name="Assets\contrast-black\AppPackageAppList.targetsize-96_contrast-black.png" Size="663" LfhSize="102"><Block Hash="tfeyDKMrEkkb62Co9vYTc1FYamlWdwoVObgUJ7LPQrM="/></File><File Name="Assets\contrast-black\AppPackageAppList.targetsize-32_contrast-black.png" Size="276" LfhSize="102"><Block Hash="QefD0JsJ+l0EiIvQvI8qKz3pMf+CZfwK7rpt8YWJeXE="/></File><File Name="Assets\contrast-black\AppPackageLargeTile.scale-200_contrast-black.png" Size="2522" LfhSize="100"><Block Hash="JYHWJYQZ2T5SvTCiLeQAsh0g99hsj/DFlX4drNjcujU="/></File><File Name="Assets\contrast-black\AppPackageMedTile.scale-200_contrast-black.png" Size="1113" LfhSize="98"><Block Hash="0YyrGFIysOVrVhw1a38uAwBD4xxOPs0UUrwB1nxeTHo="/></File><File Name="Assets\contrast-black\AppPackageSmallTile.scale-200_contrast-black.png" Size="636" LfhSize="100"><Block Hash="OZUofihxnlSM/ZRLk5W1D10/UOeKPg3hcQctWNUIi8I="/></File><File Name="Assets\contrast-black\AppPackageSplashScreen.scale-200_contrast-black.png" Size="3246" LfhSize="103"><Block Hash="gxwqL43wEN688Zb+lg2OSs53h8hbP2C5kl7HsWIK3vQ="/></File><File Name="Assets\contrast-black\AppPackageStoreLogo.scale-200_contrast-black.png" Size="494" LfhSize="100"><Block Hash="5cUJcGhUfqKMqydVnrUO0ASeNSE3Z8a4PL7vdBFUtw4="/></File><File Name="Assets\contrast-black\AppPackageWideTile.scale-200_contrast-black.png" Size="1330" LfhSize="99"><Block Hash="tHSojnxx3Ja8zDFr7yGRwakQXkmvF1ijH4QfHnsuCKU="/></File><File Name="Assets\contrast-black\CertOriginTrusted.png" Size="17178" LfhSize="73"><Block Hash="nB+rG61tCd//RS6osk2qwlqI3bOpKQ/D8WkZ6pz9omw="/></File><File Name="Assets\contrast-black\CertOriginUntrusted.png" Size="18043" LfhSize="75"><Block Hash="SC/89GHU6FO181K/f+t6xDOZ6YVun68SOFDnsUKA4+s="/></File><File Name="Assets\contrast-black\Shield.png" Size="296" LfhSize="62"><Block Hash="5F9peoHhy9RgRqUFl7qa8I4dgxFkfWKhdALMQYsPY+g="/></File><File Name="Assets\contrast-white\AppPackageAppList.scale-200_contrast-white.png" Size="648" LfhSize="98"><Block Hash="ZLh0ozjQLRe6vRKa6aMwTjg56EnaW7qhKFmnMVNqqTM="/></File><File Name="Assets\contrast-white\AppPackageAppList.targetsize-16_altform-unplated_contrast-white.png" Size="380" LfhSize="119"><Block Hash="29j/e3EWu1kgcaYMGPswkvXodv6A3J4O1XlVUTLqBfI="/></File><File Name="Assets\contrast-white\AppPackageAppList.targetsize-16_contrast-white.png" Size="380" LfhSize="102"><Block Hash="29j/e3EWu1kgcaYMGPswkvXodv6A3J4O1XlVUTLqBfI="/></File><File Name="Assets\contrast-white\AppPackageAppList.targetsize-20_altform-unplated_contrast-white.png" Size="411" LfhSize="119"><Block Hash="h7jTMhs8k5YUTJ/8x4/kEeWvAgsbXWC+aqrqIVeMmmY="/></File><File Name="Assets\contrast-white\AppPackageAppList.targetsize-20_contrast-white.png" Size="411" LfhSize="102"><Block Hash="h7jTMhs8k5YUTJ/8x4/kEeWvAgsbXWC+aqrqIVeMmmY="/></File><File Name="Assets\contrast-white\AppPackageAppList.targetsize-24_altform-unplated_contrast-white.png" Size="421" LfhSize="119"><Block Hash="j/rGgJM1oW6jJq2Upowa2vKP5JAVRdUhvDvcrBJQ1po="/></File><File Name="Assets\contrast-white\AppPackageAppList.targetsize-24_contrast-white.png" Size="421" LfhSize="102"><Block Hash="m+cOWw59kRQpaFoMVaoyp+hoJR5u8mXkKzl6paRgNl0="/></File><File Name="Assets\contrast-white\AppPackageAppList.targetsize-256_altform-unplated_contrast-white.png" Size="2093" LfhSize="120"><Block Hash="bh/O1fMcP1YsirautIjgmRDwMQwEjgKLvI0PzgizEio="/></File><File Name="Assets\contrast-white\AppPackageAppList.targetsize-256_contrast-white.png" Size="2093" LfhSize="103"><Block Hash="lu6hWTkNPms2qZ771RT8O6I+QsYJ2j8yD2hyWk8+aB0="/></File><File Name="Assets\contrast-black\AppPackageAppList.targetsize-32_altform-unplated_contrast-black.png" Size="276" LfhSize="119"><Block Hash="QefD0JsJ+l0EiIvQvI8qKz3pMf+CZfwK7rpt8YWJeXE="/></File><File Name="Assets\contrast-black\AppPackageAppList.targetsize-30_contrast-black.png" Size="271" LfhSize="102"><Block Hash="veb5ZwXifuaV6AmHds6SX+NRmIusCYT1rutsYMIPwL4="/></File><File Name="Assets\contrast-black\AppPackageAppList.targetsize-30_altform-unplated_contrast-black.png" Size="271" LfhSize="119"><Block Hash="veb5ZwXifuaV6AmHds6SX+NRmIusCYT1rutsYMIPwL4="/></File><File Name="Assets\contrast-black\AppPackageAppList.targetsize-256_contrast-black.png" Size="1684" LfhSize="103"><Block Hash="ZPPUVoAhpaVDpga8YLy57ifOGd993f1aJwRZ5MW+RlI="/></File><File Name="Assets\contrast-black\AppPackageAppList.targetsize-24_contrast-black.png" Size="227" LfhSize="102"><Block Hash="sadRuj8MfGMarraJEW9GnUcY3iekobWrAQzSiUGMQjc="/></File><File Name="Assets\contrast-black\AppPackageAppList.targetsize-24_altform-unplated_contrast-black.png" Size="227" LfhSize="119"><Block Hash="sadRuj8MfGMarraJEW9GnUcY3iekobWrAQzSiUGMQjc="/></File><File Name="Assets\contrast-black\AppPackageAppList.targetsize-20_contrast-black.png" Size="215" LfhSize="102"><Block Hash="pO9UmnYaIe29VRJHRVGjAxTN26jtT9NI4r26hca7cQE="/></File><File Name="Assets\contrast-black\AppPackageAppList.targetsize-20_altform-unplated_contrast-black.png" Size="215" LfhSize="119"><Block Hash="pO9UmnYaIe29VRJHRVGjAxTN26jtT9NI4r26hca7cQE="/></File><File Name="Assets\contrast-black\AppPackageAppList.targetsize-16_contrast-black.png" Size="185" LfhSize="102"><Block Hash="HR++j/OaaOAkHcUrzLAs5TJEaafIAYUGDV2CqOsvMk4="/></File><File Name="Assets\contrast-black\AppPackageAppList.targetsize-16_altform-unplated_contrast-black.png" Size="185" LfhSize="119"><Block Hash="HR++j/OaaOAkHcUrzLAs5TJEaafIAYUGDV2CqOsvMk4="/></File><File Name="Assets\contrast-black\AppPackageAppList.scale-200_contrast-black.png" Size="467" LfhSize="98"><Block Hash="7i8xkh0Al1rx/cTVjEV5EJDkuqM2Z+A2LJu5c6j7zN4="/></File><File Name="Assets\contrast-black\AppPackageAppList.targetsize-256_altform-unplated_contrast-black.png" Size="1684" LfhSize="120"><Block Hash="ZPPUVoAhpaVDpga8YLy57ifOGd993f1aJwRZ5MW+RlI="/></File><File Name="Assets\contrast-black\AppPackageBadgeLogo.scale-200_contrast-black.png" Size="368" LfhSize="100"><Block Hash="+yEcoWcl9kD8LnRUME8sTaNO2zSD0wZeqMCHWIKLqec="/></File><File Name="Assets\contrast-white\AppPackageAppList.targetsize-64_contrast-white.png" Size="623" LfhSize="102"><Block Hash="UKRNvV7nsvS2yj2Ouqef7bonpGnZy9aezGsjjHeulGA="/></File><File Name="Assets\contrast-white\AppPackageAppList.targetsize-72_altform-unplated_contrast-white.png" Size="677" LfhSize="119"><Block Hash="miGiW6epwV3prc/uA2hYGHVjmBGwwYUJiIoHwbmfcz8="/></File><File Name="Assets\contrast-white\AppPackageAppList.targetsize-72_contrast-white.png" Size="677" LfhSize="102"><Block Hash="v72r8ptPCri5yV2+5SI8xY0BwBi7rprFtrJRRpTjuNo="/></File><File Name="Assets\contrast-white\AppPackageAppList.targetsize-80_altform-unplated_contrast-white.png" Size="719" LfhSize="119"><Block Hash="JZW53UZ2Zqq7/0XLVkCGwkwUWNVc3tDORv8vzdvGdcs="/></File><File Name="Assets\contrast-white\AppPackageAppList.targetsize-80_contrast-white.png" Size="719" LfhSize="102"><Block Hash="JZW53UZ2Zqq7/0XLVkCGwkwUWNVc3tDORv8vzdvGdcs="/></File><File Name="Assets\contrast-white\AppPackageAppList.targetsize-96_altform-unplated_contrast-white.png" Size="837" LfhSize="119"><Block Hash="NxxfES6Yl7++e3B3JxEM4AuI/ARyvLfyufcFZTAH+g8="/></File><File Name="Assets\contrast-white\AppPackageAppList.targetsize-96_contrast-white.png" Size="837" LfhSize="102"><Block Hash="NxxfES6Yl7++e3B3JxEM4AuI/ARyvLfyufcFZTAH+g8="/></File><File Name="Assets\contrast-white\AppPackageBadgeLogo.scale-200_contrast-white.png" Size="585" LfhSize="100"><Block Hash="3yPPuwLtqfKcz9zIMZf4lnV4t/muDx1+fKDs9BRWSPQ="/></File><File Name="Assets\contrast-white\AppPackageLargeTile.scale-200_contrast-white.png" Size="2566" LfhSize="100"><Block Hash="zSo/Z2hV7KL8yKQAXXfY2M8mkCbsZQSd2zwy2Sz4/V0="/></File><File Name="Assets\contrast-white\AppPackageMedTile.scale-200_contrast-white.png" Size="1179" LfhSize="98"><Block Hash="vYnM88oshSIFxhaAW5ftS8o/Y8rrcFXP0725Ay5eddA="/></File><File Name="Assets\contrast-white\AppPackageSmallTile.scale-200_contrast-white.png" Size="794" LfhSize="100"><Block Hash="iK4lPe6WrmGDQ8zw73k7gqgcBuR2HRkR4QciosM7Ots="/></File><File Name="Assets\contrast-white\AppPackageSplashScreen.scale-200_contrast-white.png" Size="3212" LfhSize="103"><Block Hash="FRHxqUCnbSvaRZD7sI4AdcSPHABxSnieQS4LbQcwsAM="/></File><File Name="Assets\contrast-white\AppPackageStoreLogo.scale-200_contrast-white.png" Size="715" LfhSize="100"><Block Hash="9y2o98GfyOU5SAXDn193sOldIh8totg1Ws+//xsyPUA="/></File><File Name="Assets\contrast-white\AppPackageWideTile.scale-200_contrast-white.png" Size="1386" LfhSize="99"><Block Hash="W96jDzOGruxlm1BrKVKIzENZm6guxfMZVarvlsdvKwY="/></File><File Name="Assets\contrast-white\CertOriginTrusted.png" Size="21256" LfhSize="73"><Block Hash="ES7Mn+JiIipdisxCT1k+Nv/Uz0/nBVns8PLZJAYPlFg="/></File><File Name="Assets\contrast-white\CertOriginUntrusted.png" Size="17743" LfhSize="75"><Block Hash="nMKqRorLQL4Djt+iblcPAIOR2oeEr5AHFn2bFkggy9s="/></File><File Name="Assets\contrast-white\Shield.png" Size="276" LfhSize="62"><Block Hash="QDo2raf3V50JZw+bmOfa/sHC4b7sxf0m7mtf0LTyUFw="/></File><File Name="Assets\contrast-white\AppPackageAppList.targetsize-60_contrast-white.png" Size="643" LfhSize="102"><Block Hash="WlTnxUePy5wOgaw4peTrREx9PrHHUmsspCiv559DnPg="/></File><File Name="Assets\contrast-white\AppPackageAppList.targetsize-60_altform-unplated_contrast-white.png" Size="643" LfhSize="119"><Block Hash="WlTnxUePy5wOgaw4peTrREx9PrHHUmsspCiv559DnPg="/></File><File Name="Assets\contrast-white\AppPackageAppList.targetsize-48_contrast-white.png" Size="585" LfhSize="102"><Block Hash="mPPcid6z5TIbJ/m1Qhm0KWNNnPZtItBobVaWOKoSrag="/></File><File Name="Assets\contrast-white\AppPackageAppList.targetsize-48_altform-unplated_contrast-white.png" Size="585" LfhSize="119"><Block Hash="mPPcid6z5TIbJ/m1Qhm0KWNNnPZtItBobVaWOKoSrag="/></File><File Name="Assets\contrast-white\AppPackageAppList.targetsize-40_contrast-white.png" Size="525" LfhSize="102"><Block Hash="OjADJUCwiw1f3L566wanI4QQPoj6TpQjnogyqtVfsX8="/></File><File Name="Assets\contrast-white\AppPackageAppList.targetsize-40_altform-unplated_contrast-white.png" Size="525" LfhSize="119"><Block Hash="OjADJUCwiw1f3L566wanI4QQPoj6TpQjnogyqtVfsX8="/></File><File Name="Assets\contrast-white\AppPackageAppList.targetsize-36_contrast-white.png" Size="500" LfhSize="102"><Block Hash="1qipXn4kqG1uTfTRzqW6TF+Yr8SDAyT/uYmJgdf385s="/></File><File Name="Assets\contrast-white\AppPackageAppList.targetsize-36_altform-unplated_contrast-white.png" Size="500" LfhSize="119"><Block Hash="1qipXn4kqG1uTfTRzqW6TF+Yr8SDAyT/uYmJgdf385s="/></File><File Name="Assets\contrast-white\AppPackageAppList.targetsize-32_contrast-white.png" Size="481" LfhSize="102"><Block Hash="rjjziYyUj1qSSbubUxbfDcw8MRA1ff0GjF8QjMcH4SE="/></File><File Name="Assets\contrast-white\AppPackageAppList.targetsize-32_altform-unplated_contrast-white.png" Size="481" LfhSize="119"><Block Hash="rjjziYyUj1qSSbubUxbfDcw8MRA1ff0GjF8QjMcH4SE="/></File><File Name="Assets\contrast-white\AppPackageAppList.targetsize-30_contrast-white.png" Size="477" LfhSize="102"><Block Hash="QuJtxq8xUtCqmn6LR+LmOcg7Mkv116vBWf/h0KaiAAY="/></File><File Name="Assets\contrast-white\AppPackageAppList.targetsize-30_altform-unplated_contrast-white.png" Size="477" LfhSize="119"><Block Hash="DAKjpfRgib1zyqdX2fZ4t5KGcQBL9oU8I8/tEgZUYAM="/></File><File Name="Assets\contrast-white\AppPackageAppList.targetsize-64_altform-unplated_contrast-white.png" Size="623" LfhSize="119"><Block Hash="UcBoTklOubpjRdFO2Zo0vNprprlTEXpcV1WAztqf4rU="/></File><File Name="XSD\AppInstallerUXSchema.xsd" Size="4368" LfhSize="58"><Block Hash="yeGWg5910KVvSZPV1e5eEBcFLa9c0vUaWvsgmWC5H34=" Size="780"/></File><File Name="XSD\AppInstallerUXTypesSchema.xsd" Size="3745" LfhSize="63"><Block Hash="QLlvSc4dBZELaQOLZ+OTWtWIyKCVLvoMvQZAw4X4XM0=" Size="820"/></File><File Name="AppInstallerBackgroundTasks.winmd" Size="2560" LfhSize="63"><Block Hash="D4tHJxlRnIWiYG3P1HCP9+1y62SLU7bTZ2/nASJY91A=" Size="891"/></File><File Name="AppInstallerBackgroundTasks.dll" Size="197632" LfhSize="61"><Block Hash="6pmgf7LP8VgLm3B/fopvTHKXsk2LyVV0gwJp3ukU9cI=" Size="32232"/><Block Hash="OW08rSFFt6iMc5PCAtDbrMR95sKGJF99ntH07ty3Q0o=" Size="23752"/><Block Hash="/qwU6z+Om0lD4WDbCDAeB/VJt3dMstrkh3ourAht/28=" Size="15932"/><Block Hash="MX8XwWcjPr+oxykOBTLsn0ypXnyQxBwWJYHS/v2i5rE=" Size="545"/><b4:FileHash Hash="ZP4sPYAwWYtYeBLjTHPCndTRpN9uJOjzx/Os+e+XFow="/></File><File Name="AppInstallerPythonRedirector.exe" Size="278016" LfhSize="62"><Block Hash="T7VUCOXCNTbLMnsw8D2bG20+rykuIU8u3Zi5df4BRcU=" Size="31764"/><Block Hash="7ySvYx4c0QzwjCrxxenbinbMZu2pedc85d3lklXfczg=" Size="29949"/><Block Hash="6xPKL4ZZulhfZmRZ1k8lV/moytH5SBC44NWwfldVr5k=" Size="29126"/><Block Hash="IVArpS+H6DwQT5+AZbOBq78IYOvbTG9XbUvPwFo/f4o=" Size="38297"/><Block Hash="iEzkEztG2oz0lfwoKsOUTlNebIEWfdHSb9Jqj3OmBq4=" Size="4778"/><b4:FileHash Hash="N5QUVYdw/PuYpqA0YP5cAv/8rMqT5jGSkKEhj7hqn3A="/></File><File Name="AppInstallerFullTrustAppServiceClient.exe" Size="293888" LfhSize="71"><Block Hash="xK0F7m6c/lCpSFHaeZdy8zEdQ2kbAB48OeEnbj9HYwA=" Size="31168"/><Block Hash="b8tvakVJt1WDBnrRYp+WZoDaFOTF2tBOeu3vgkJ3eog=" Size="27494"/><Block Hash="EubRdJ6P++OkUiBFgmsc8sNHkywt3DcZV6NvxhvLT3Y=" Size="17454"/><Block Hash="TwdgbL3V30fCVLQ2U76Q7x5lhkE5Zyb3vlRmQ8myBUs=" Size="12708"/><Block Hash="PSSOFzNeenFJWjdr+mlOrzjZI095SbllEuMoFkEh7NU=" Size="3237"/><b4:FileHash Hash="2OzBM3EfZZekyCV/Ax802/sGt/bZASPpLTlTuxayJas="/></File><File Name="Microsoft.Management.Deployment.winmd" Size="26112" LfhSize="67"><Block Hash="7ivQvQXjDdDhsqmAlSTsy3jX00Z5jmOmAFHHgKU5OuI=" Size="10056"/></File><File Name="WindowsPackageManager.dll" Size="4536832" LfhSize="55"><Block Hash="ELCG4XP/3D4pDg+dLMO7ipYq+D5mJSM8PylzveceqgQ=" Size="28844"/><Block Hash="eyYMigiHhwB9ecSuO+24FFuG8nRUjtZeuWcYB3sQ1YU=" Size="31460"/><Block Hash="LMh7WOD/fHEARKD1pfwLywdks6ytS7bAoEzoVA470M8=" Size="23855"/><Block Hash="n7Ti8oYCUXPUHp3wf2/S9WUOXBoDvYYkAQym4spy8B0=" Size="34202"/><Block Hash="seHRmH5B0haqjya/CkE6WoOTSDs/XQleAblfhF40Czs=" Size="30964"/><Block Hash="eUk8/i62vVzbGR+sxaj9AIpOCi2ndqHhb97TWtsw140=" Size="29902"/><Block Hash="r1ID3EO5XpiY8eMYylwSG3GqbNY7nQyo04JAe5dwJDs=" Size="30863"/><Block Hash="9UlBow9W80r+Hpdr2aG90m7PCB+xNvkiGF10d9pVjWo=" Size="30975"/><Block Hash="fioMszLsAFooTZ6FzDlazJWYNnMJ/rSAi2tH+2hHDWs=" Size="25450"/><Block Hash="NsIK7eqYOi+f7AFruKIEIdG/iLLlrejb93FVxvTnjZw=" Size="30107"/><Block Hash="CFUdt4CTRt/oZxBPrl3p8nlOjUWFp4/0HsH6nHmzXA8=" Size="32206"/><Block Hash="N05XTldV5nOyurEwD2F8H3GX10SzG56+H8YKrOzonvw=" Size="30217"/><Block Hash="t1ouDA8bASwFSbBRVcCgvDK6mbgvlEINMH/XAw8uffQ=" Size="31442"/><Block Hash="Sgxi85tg+FkovG6JSJoG1p6DeJOQimFettTw/5wA5fM=" Size="26241"/><Block Hash="+i/pbNXOye7e2hwtTg1Kx+YwGZv6gOboXEbZMryn+h4=" Size="29089"/><Block Hash="iTBBeJP2MPIlimOksAKLwZUYAwvEeJrk1VVTW7MAHGw=" Size="31420"/><Block Hash="kO5xH+nMYnslFUP/F3XV19G+Yn6M0axdWtlk8uaGZ5I=" Size="33642"/><Block Hash="eVmi8O9aNNb4IM+qJeD0ViJuP/QbaSpP1IoWa7C2jM4=" Size="30991"/><Block Hash="YCFiIrKNkASK8EsXO+fDVWGLRdjw+JaKAL1NFVJohH0=" Size="29788"/><Block Hash="nDdmnuo+i4xOHm/p02eWMH3WSq7hcpYYRjRMSCr8xjg=" Size="31520"/><Block Hash="R2ZQUItTiulcTUg6EtvRy2Lb4Pqy4X7wxqvs4wBG/y4=" Size="23726"/><Block Hash="uTdvg6+0fUaHPMZhYAbjOS9sqDlLge4wEveqisgEO2E=" Size="31910"/><Block Hash="UyDrXPhTnD6fpKBUk5IAPDOcKvAP567jz5Pc/UHr564=" Size="31944"/><Block Hash="xWuHSdeWmoqp6tqYBA/UmYqOc/D1bUe1wVfTbJ4Ey4U=" Size="31382"/><Block Hash="MCKDJZWaCqpLD2rOv08zPoc1JhHvfZk5wtHyOanTxkM=" Size="29533"/><Block Hash="Lfw1dyGIxhVFi5oXUPegj9UVX8oJ3NnFfvKdbURD47k=" Size="31077"/><Block Hash="ZDMTpbnwsnN8YureTrJySGvcLNu5V528/zVpV2O9CGo=" Size="26607"/><Block Hash="a5txY3j9Q6bRfVqydigcp+c7Vo4WI6WMTexeF6htoIA=" Size="20702"/><Block Hash="aZJxzjzZ6CJ7B0mikYEeQISeYvcoVfEDKoTgoxQvQ1E=" Size="32238"/><Block Hash="bT3UI/TG6VG3EsnBCp21M39H+JEVNeniIgJrQKsVQxM=" Size="31372"/><Block Hash="ZVzyZA+PbCbfnUGgiadn9k5Hn3507gC5dwk3KNFPfCI=" Size="31181"/><Block Hash="Nd4Xk+wlWaAudlLU9WTqVfc/ka9HdLG7CVSorQcPyT8=" Size="28657"/><Block Hash="T2vMJhyT5QnxL3PL80g7SbDcrrDZ/Xv1EIFeuYIlmLM=" Size="29497"/><Block Hash="XKJ4xrrtk+mz13dURVwNrHY6TCZEkBgPd0l6vAL5m2w=" Size="30231"/><Block Hash="b4+Zvz6GA0dLQmO1chVhNde/r/q48JNy2EBlJOtWrw0=" Size="32001"/><Block Hash="AdVMd8/JHir2WuCT1E3r4J9zTGE/bFQ9PPdablclqFw=" Size="25671"/><Block Hash="EEKFsNQvNKHs1HlGlX/x4RVk6pNQifmrBwX1l1TJiZY=" Size="26414"/><Block Hash="0g6Wdyu8zVZUiL60eIxfKoDhea6a1df/1+znu1tfDpI=" Size="26342"/><Block Hash="Fg3FuCGCD48OKrhIl5Nb3ZupuilLbKmv1/DyNLRvXFQ=" Size="31267"/><Block Hash="ieeF+ZCYqhNI/y6LRgx36yBzYJA+J59gt95PADj9aVA=" Size="25874"/><Block Hash="Y5zz2iZdbA3V7527blFnm+gMXjdsSWxDPiokLWHLKaI=" Size="23255"/><Block Hash="pXQFlkQiXTauaZNmvTuK3/lhrSTTDCnsjd3wcaF5EHk=" Size="24057"/><Block Hash="mHZ9UdWjtPL1XWk17h+qdcd5164HPrdaiB2X8f1nerU=" Size="20511"/><Block Hash="cIOOnAVEUWeBOkYpbrN5eVHERgYLnd9Oxigztw2XPe0=" Size="22338"/><Block Hash="bzEenz9w6s2mLcFAqOpj6cUcpGcIQWJ5NW3RkLAS6Po=" Size="25826"/><Block Hash="nCiSE56UcPzfZmlRvnunkdaclYyCtQrggE9ywx+XpXw=" Size="16587"/><Block Hash="yHZxYzbx9kS+anFzG1kD4eOkKa3qr9L03clLYcRwF0E=" Size="19491"/><Block Hash="+pVh8iaL2XCOyPZAO4a5TCa9QGlBSCBwk7t5AmIzuSQ=" Size="11536"/><Block Hash="sS9V+UTNIAO5gtqXshOY2iKb67ElOEvFkBPsDeF91qY=" Size="10264"/><Block Hash="oaTPjJex/8QHLeTd46Uj203AnUfqpOSpHSgGfypKqpw=" Size="10451"/><Block Hash="hzHydiF0ZKp/G7CD85R29a7KivC09YkEA2FljGLvA5Q=" Size="16063"/><Block Hash="UzH8QSM/f6RFH14g6uGJjGGxIn3DE2/LJYLPAV6ZHJc=" Size="35226"/><Block Hash="NJhaNHiAv13fSIZlcXl9+mpfLb4vdovL5QYA8zUyFLU=" Size="36456"/><Block Hash="kOoUn1E2oP9hbmCjqw3aG0Yq5sMEHh7fuiUcvXYdBTI=" Size="34914"/><Block Hash="y2/m8tI4p+as+L3nfoplhUCh692YE3ZJtGGrkQb5aNo=" Size="34715"/><Block Hash="Z+uSj6NNZ5nbUYagavwFIf2Ytm+4s+34YmgKjXN7dKI=" Size="20105"/><Block Hash="Q0bYucUDn4NHnVGsySaxsqLeRd3zGN046d4OVZDmd0s=" Size="6067"/><Block Hash="jANZsh7LRUTCDGX33mpjY1HMdDIEdYcdLJ2RMcgu8sY=" Size="3436"/><Block Hash="DsFsjzrZRPnDbqa2rHGUfh5VAatyqCVQ6lBnwAWcHKY=" Size="2904"/><Block Hash="AXUXf6LaA852LqR20+lHGfSrZpEWzG2ni7Kjd6Cq0GY=" Size="2901"/><Block Hash="oIW4pAjEKWiAVXZXJzNskpFI6z2jnzHzqzjABpioBcc=" Size="2530"/><Block Hash="dKe16p2TJNaKJ2npOGiVvGr1Wwo3yZIPzUa30uJh4x0=" Size="2856"/><Block Hash="OH1sP/d9TVy5vNcfXSOxm796keLnnAYE4Hp1BC8L0zk=" Size="4654"/><Block Hash="hcPBnHhbwNK4+k+JBOB8Jb4uNqt4TDV46WZm4neR68E=" Size="30274"/><Block Hash="p+m8f847IO/CKOTmagrBNmqUOZIQBdbMlQYYRS/JH/o=" Size="28508"/><Block Hash="SNGcu5U/UAFN91p0bb8r3hIXCr12K0JSXcDr9YeqTrw=" Size="5076"/><Block Hash="+7UE8ImzjafuOIFDJttzuULYxwQQhLy8kUbZgqpOOoo=" Size="7341"/><Block Hash="YVjOxp2o6aXto/qe/ncVCmq7o7M7J6EhHMT/85ow/cE=" Size="7972"/><Block Hash="6anRBI2Sc4wSuwpwZUx1EvBMDbcywfJz1U4vzbCu3dg=" Size="14311"/><Block Hash="hWNmcwTjFQLUpq8h0NaoRSYqpnCU+9bNC/49CanwSPc=" Size="4561"/><b4:FileHash Hash="rN4QilpwpTvWHxhm4pdJvdvAz9eqL+vowFIioRWRoX4="/></File><File Name="AuthenticationManager.exe" Size="560128" LfhSize="55"><Block Hash="UeUZN8iOICHIYJ+DTmrPVfpu+dsvcbdsH5+lAy96NFg=" Size="30522"/><Block Hash="L48hBj7mmsRAu/dK2ATKd23ov7yfG4zyIp8gHOH3XTM=" Size="30580"/><Block Hash="edG0ASvb0OtbS7NNN/wRQHMe1pYJyh9fXTmttZJFK1k=" Size="30224"/><Block Hash="A0Xr0aDvibvqEM7t1jP2X89eE4I1pFEM2evcHCo871c=" Size="29198"/><Block Hash="XfqVgzRUeRIXos1kwelGUtCscm/Jl8UGsP5zx1bmWbA=" Size="20018"/><Block Hash="lSp/vCo8uqUhNWjbAEegy4B0V29/NctfNKDgCVH/MdY=" Size="21821"/><Block Hash="KmMolnPNb7oB3hXpqty9K4hEQAUM4nVHdxRe15ulaP4=" Size="12021"/><Block Hash="nnoCBcf9iqgvNaLZE8CmCmuA552ArpxIu9PQ5QE8XKo=" Size="16394"/><Block Hash="seqIkLE9bCxfPIHxqnZRHCz4G3pq898pESPjcL9oATw=" Size="3663"/><b4:FileHash Hash="zBra206epwJ4Nr9DHSjwKXUiwmk9/zVtf0Lk5Riyir0="/></File><File Name="winget.exe" Size="12288" LfhSize="40"><Block Hash="d9L/DscoolcAGOL1NOtJiykcDkQsR/r8602SYq8erbY=" Size="5258"/></File><File Name="WindowsPackageManagerServer.exe" Size="46592" LfhSize="61"><Block Hash="5clLgeWziehgtlVEDbbtfUfGMhVh+qPzKPXerj9XXQY=" Size="22959"/></File><File Name="AppInstaller.winmd" Size="7680" LfhSize="48"><Block Hash="xs0Y4zoawZps41PHQ6ilnzQokwmlC2Zs+EasYQ0vqKg=" Size="2920"/></File><File Name="AppInstaller.exe" Size="2464256" LfhSize="46"><Block Hash="yTGhBTOKHDnrutaAYYrVhkmlIoeFHTFMHkE3RgOYauE=" Size="24327"/><Block Hash="uJin6OxUoSPeD6eU++9gPlhJjiUr+LZhT23CD3RQUMk=" Size="31008"/><Block Hash="RYzcthAtd09jYpyGMaRW1HiYH0MV2Neg/6RrRg/69xk=" Size="26342"/><Block Hash="zsnOOrQCx/TZd2fmYbXL7l5Orgtw5yJwRvbYk7jLIUY=" Size="31465"/><Block Hash="MCACEFFQYK5HTyR8FhF+tRJO0NwYYBS9DM7u3bEEkgo=" Size="31158"/><Block Hash="P4FRIKSK63ytMMdKSv8tY7hnhqdDpqtr/i2l1WaaGjk=" Size="24778"/><Block Hash="+0BUHTrPmUXM2J4Y5R6OdBcrqrRcakCVMPbdKH5sbdE=" Size="27601"/><Block Hash="Vy5XA3OcchcB/waacPcqxKDZeCtqglNpsiBD5lrp/zw=" Size="33910"/><Block Hash="3AnH5PPWMDX11vxvnzLeq3UK4BCLzHM2qgNFPsiYbu0=" Size="26979"/><Block Hash="646Gb+hrYyQ1qeXPfPf+iF/PaU8k7gfazleU37KYIHo=" Size="30575"/><Block Hash="NUQR8s5HekRX5QJIrvQIPAMWdF5EeGxDhD0oIBiuOq4=" Size="30262"/><Block Hash="YKh78CWwOjtSsPkdLiSqdDF5h73g4ZWns6HsXb6HLcw=" Size="31254"/><Block Hash="LHmEnOyWCABcLD8Z5IDG2r1jTOaDEYQQXa7Stq0Hn4o=" Size="29886"/><Block Hash="V69fxuYo5kEvl6PODS9vNU9jYG579AzfKnvjNbUCxCs=" Size="28113"/><Block Hash="GAAcGMYKI5s4JmjqHVO58Xv8BFE5HBwljb3US/6GzHU=" Size="27594"/><Block Hash="py2uiM1dP1GX0bK/whGWiVkq4LtaH/e+DpmN7m8jzWY=" Size="20763"/><Block Hash="0+9sxJc4jDlr2XJtKRaPUDcLdvnJHqCbnyscD5jTYlo=" Size="20059"/><Block Hash="qDZSOdxaVq1XWyVqKkq93yNePXdt0hhVbPdlf/OeZ+c=" Size="20751"/><Block Hash="Wc4sLuHsDGn/h5Z2/2Vc3WkTLoL47xwwPZYJag5CJX0=" Size="19690"/><Block Hash="FhyeRp1oad/pqmlWwCio7hJJRH5YCHDds7QAANowL1U=" Size="18168"/><Block Hash="iKt8CEGxE+eQAfDM7QPwd+tjZl3ScxLjmiNka1Je4Z0=" Size="20737"/><Block Hash="/+BHa8TGlrC8Kpq5msWtUZ7CVeL+zUKXCruRFb0rqpg=" Size="22147"/><Block Hash="F3bHw+EAffwE4skk5Lk7C0rNl/dJun9XLyZNWdZZhes=" Size="21732"/><Block Hash="z4LkUNvoGsRztVBdmrXQ4CuRyvVPojMl8fvjY10LNmc=" Size="19598"/><Block Hash="havvps5IGi7PEf50Qy8d5p8FUOUV8QAWtggAxKgeiXs=" Size="18648"/><Block Hash="064mc//4egRkno1hmxcO5U8tDLnO9lwOpVJmHTlGfgw=" Size="14451"/><Block Hash="D+URZANGc3OOv104qJDeOCvwtbLphQQCLUVPJS1DI44=" Size="11167"/><Block Hash="mvi3PYV3lIr0D5U2aW2TyObn1REpmbL0va0gZR2xiEU=" Size="9940"/><Block Hash="tseDt/ZDbmW2lX5BHpfxZA+G1pujHrUZ2WJF5QZBKQ8=" Size="10421"/><Block Hash="GMM2QbE1dbpdBrhScFfZ4diRfjrIghtPboAIgI47b3c=" Size="25531"/><Block Hash="WYSF0sn819QIUrDAXPWKo/96k4Md3ouphf8Zvcly2XM=" Size="34105"/><Block Hash="NSNECgu/avAbw1jR1lX8ehCWKT/E+3tVzk3PM83noJk=" Size="10483"/><Block Hash="zr6IizCugZ37Cf6lOBptGFnpD+foScK95+PSErPY93k=" Size="3647"/><Block Hash="nC0hJdlrj2O9Wu/qyUI7TZv0Bu09GEHjpk5ik80Gefk=" Size="5017"/><Block Hash="3rJaGZ95yh9YDFGDI6VtPQcTc93wbtrVeprP7zqHK0w=" Size="4561"/><Block Hash="Yk8X1H/ayavfOpLIujVN2s/e6af3O3896thuLQN4NAY=" Size="3607"/><Block Hash="u85Ihe3TJ7tWQ3p9l/TM35cqs+NNErU1ycCVeJUi9so=" Size="21463"/><Block Hash="zx4wkZbLVbC9TydZdwWL/WP4E0kuqt0Yfa1n8JCP/UE=" Size="15341"/><b4:FileHash Hash="yrY/Z5A2h5GCmzaXzrHSfOjlbfeArUhEmGdJ27yFFrM="/></File><File Name="resources.pri" Size="119912" LfhSize="43"><Block Hash="JHDRKGJcb2COiVh9J7GHhn+ZGCe5wF62KkCq7yY3yuM=" Size="24746"/><Block Hash="+3cY3zkRSll3kr91RmTpycqoOz2K/l2RgPLxgKdGzDk=" Size="14788"/><b4:FileHash Hash="RqUD+A76efUvUcqdJ7kenIcgmh/toKBtvJy5jDsFZDM="/></File><File Name="AppxManifest.xml" Size="12341" LfhSize="46"><Block Hash="ORQe9ovXfxtUItWEs6rVCeK51+aVrhYOmiHDHTUKgAY=" Size="2939"/></File></BlockMap>