<?xml version="1.0" encoding="UTF-8" standalone="no"?>
<BlockMap xmlns="http://schemas.microsoft.com/appx/2010/blockmap" xmlns:b4="http://schemas.microsoft.com/appx/2021/blockmap" IgnorableNamespaces="b4" HashMethod="http://www.w3.org/2001/04/xmlenc#sha256"><File Name="concrt140.dll" Size="315792" LfhSize="43"><Block Hash="phX+LtBpnlHG3pkL9z7CbxTIbMMjuNDdM4qY++bLAwM=" Size="30107"/><Block Hash="K6jt8RTFKLNYZBY0ivNeHdk2LtRUoSvZQ23doD99UDw=" Size="37163"/><Block Hash="SenDaNfAfzQfwAWpcmiubfBhTn9TAcEtXGux2yh6Eh0=" Size="33093"/><Block Hash="OoG4advemqYD/7Dg6RMwTaWsOcJSr57eG82tdnm9IRY=" Size="22405"/><Block Hash="8abrpTRqK82fJWAWYicsXxIcU8BSD36VA0+SzzOXhNQ=" Size="20235"/><b4:FileHash Hash="Jcb134ZANVAeJpTMS1CuxjxA9HxMqkzmMutq5jSU0zo="/></File><File Name="logo.png" Size="426" LfhSize="38"><Block Hash="2oWRAS5k1w0jIAZdObkhzqs6dAAvJ29bcFJHhRjE8zE="/></File><File Name="mfc140.dll" Size="5618576" LfhSize="40"><Block Hash="CoquDbHALUaQPqf60C25+3IQ28ReiPhyGGuBlA9M5Ic=" Size="29464"/><Block Hash="kD8GpjjREJHeDgzTJy90Z59z8yi/jTEcDJ6Bj0JZjWI=" Size="34207"/><Block Hash="d8FqCcpsJFBxecihnUu+FMNpO5gxLDNZQmzkhh0rSkk=" Size="34916"/><Block Hash="bDjoqTSX5UE8hSGCq3tkXEZ5Ap6z6O3zQ11MhjomPFk=" Size="34212"/><Block Hash="lED++BUNwjxYNanXcQlErahfurHmBJzesaTFjgWaKAE=" Size="34254"/><Block Hash="eXJ+tJuXNWLbuQNYALpOor+vlEiFEmKt1Zgx4UCLySU=" Size="36741"/><Block Hash="paiI4mMsa2O1NcstkvhcrV189yLfXZnnjZrnFeoS7/M=" Size="35507"/><Block Hash="IVdb4SXStsQI6O1KeeZSbNjQVQ4PgizBBWUQPqER43E=" Size="34289"/><Block Hash="spVw4giUBXiMEzg5cbTKEBB98qlRPB4kFs1jTxVd4IQ=" Size="34217"/><Block Hash="EXR3APHJy8gxS5nSUfSorQxMfufMF7zlnN9zsDkEFKU=" Size="34701"/><Block Hash="k6F9Ur7jWNRi54ozcznlT6AhYaBzk1BiZ/ngm2uhwJM=" Size="34016"/><Block Hash="Ady4rDzTeq0oXkxYdiK93gUHB3vCHdL40iQnRZfEMMo=" Size="36080"/><Block Hash="4Q5Jvb1HUiDefZYvqazOheatMfyJIFDzF1CPQyj+lRs=" Size="34841"/><Block Hash="qHS+dbCeOGWubGTRQe9KogQOBBHh1xx6HbnpnooEzuA=" Size="32524"/><Block Hash="8DmpgNCKnJ/mElsAHsNYWWnxxmY+a3bkFKSKGuPO24s=" Size="34486"/><Block Hash="5YaFtH27RbUApKzs9NIgm0bTeiHqaA57ZGdU8RdtiWg=" Size="34155"/><Block Hash="JgQElhpP75bCwTsP2g+fHdOW9CWg4cHzJkie7Jwhx5Q=" Size="26677"/><Block Hash="vrIni2ykcLLDOQCspEM2UTc8pmwQls9+97b+Jr7PCHM=" Size="34433"/><Block Hash="M1Yazkop7Kbv/9y1d8QQuWsjfgjAAlt9Vx11hnnnxCk=" Size="33071"/><Block Hash="5trt8+3Uq+zAjYUAO4sGLa8MYDiD+CIiGtGx1Tn79fY=" Size="35206"/><Block Hash="/vLjBposDX+EVFDOReobqyHHltNzFkLDT03TOrg3o6s=" Size="33971"/><Block Hash="s/rQX2flEtkLIqiLCX5lW9QxQQyuZvueklWOsB7zArw=" Size="36389"/><Block Hash="N7SA6mapPa1zmwGaQZlAI0cJ7ryGvig6Ismfos/PtCo=" Size="33448"/><Block Hash="Q/FRAxdUeykWZ8o9rUcz7wA2X7HIgnmfXo9NbG8uM54=" Size="36957"/><Block Hash="LHv4+jTE6QWxQmgeKbNTUMMzYsWow+0ZaijYMKHGqhI=" Size="34303"/><Block Hash="ITDsWuNMn+FE47jEFlurGlE8BE/UreLhooPGJf/PH1k=" Size="35209"/><Block Hash="SkH1J6l1hbVNkKVKu8K1TCSenln18IXnru8+MQe0Kis=" Size="32719"/><Block Hash="9pUmDCgD3/4gwglsu77qtWCm1yr577TbtnHWNI6dq+g=" Size="36339"/><Block Hash="oEshwBta8Y/XBdBSbuhtmHC2WMZvxDpG9NciRVlxUIQ=" Size="32382"/><Block Hash="L5ZwmJgbciM/SnUz+Ztlfl9bemkWAvFwd5lYQAugo4k=" Size="33312"/><Block Hash="vIEJOYPANK3xVguuYdD8D6hXb/+iy/hX29vNWaw3jxg=" Size="34410"/><Block Hash="24F36NDxz3oXyAU3EX+eepmQ1uuwSdL2LXv5JpeTHMk=" Size="31396"/><Block Hash="gd+sFCTImJujwE3u/MjwAu3m+nNaBEl9VjDncE+rJcI=" Size="31652"/><Block Hash="d2plc1PMFFZpzjHQs5n7mhQW+3KWnrIITwCk5VeE8Zc=" Size="31543"/><Block Hash="LafUGPjrN/bLO2cJSDRE23v0IwmWHc0kPMTCcjM54kY=" Size="32144"/><Block Hash="+7Tc4a4D9V/O5AG4+b1WhLn63L2tXjnzX+JDJkoNKkc=" Size="31958"/><Block Hash="eWO3gp2C8FO0tm8gZrw9wFrynPfxKRuvW4QmNqwtQgM=" Size="33646"/><Block Hash="vAKrHos0hjkVsX8G2Hc2sgU2t3BfjSSx1/cshP49Rg0=" Size="33753"/><Block Hash="qeW1Eq8ihdovKVRYzcSMobgi0552AABPCsfqdnns1Mw=" Size="32391"/><Block Hash="Ftccrwzsi65dbj6GJCeEk9/wLa0CnzAvhbWjlRdBXuA=" Size="32274"/><Block Hash="0/uxhlqGWO1V9jXF5Dk8T5gi9bVJRUsdMXvyfCI2kdk=" Size="33803"/><Block Hash="lqSQaZIUC3coF07/M/VWxwoluNtIxdPMb4zcrfw6En0=" Size="32513"/><Block Hash="zJiYcCPuLnjvN4p3J/xu/lX0mjOhRLkr4vs4lFMN9GQ=" Size="31195"/><Block Hash="6T/6elRXC0NZjwsbzKDWEVPGP3+ycKrHJgqtTrORPHA=" Size="30697"/><Block Hash="fFMzh+ELX9ScgHd4b0+ufIMq2Z9u0OMXP4idFX8pWkg=" Size="26258"/><Block Hash="Yi9kAHlYbPd8OWrWWk9nJX+PydhztusBVG2ga2d2sQM=" Size="27220"/><Block Hash="RHYWG5v5qgyeUztIGCJO1J0PRbE1/7ODAUV0rawltg0=" Size="14700"/><Block Hash="ad8VDYtnIkR9peorr5JvL7Xjc90Y6pqjBFJud3Zd7YQ=" Size="8659"/><Block Hash="B/EE2pLj5zq4iIbagttyi/7iXsoMPlhGy3Z1x8S4JnA=" Size="8477"/><Block Hash="BAcQUnfIyF4au1rLpFjF6a4IxaoIHKf2ZMvOcwsWJ/8=" Size="8598"/><Block Hash="859YzIHmvZAev4BqOrfi2aEf6bJIeuMzUpXmDdnnFDs=" Size="9244"/><Block Hash="YjoOolZ8lcPl454Kg8TDZXa9TyA1k5Sj2H9TTF9sd2k=" Size="8555"/><Block Hash="aW54LfRIBI3DNR4nULJLCz+KSfvTTqREXFdOBMAdLqk=" Size="15281"/><Block Hash="SSfGoVTvDF0WnZapVMYxHhvLbIzILX9NWnDmGaiL0e8=" Size="15113"/><Block Hash="3Xg+gynXefniaDk3PVpbaywDlFr9C6eGjR1afLhCT2c=" Size="10854"/><Block Hash="j3b43YYtVj8GHz70h2IE2WkHjfo/HAE5oQp+hAgnB58=" Size="31494"/><Block Hash="5OkJwNqyGuhdor6mx1ty5+q8iDkHwD39ca2Nl2rdRa0=" Size="32781"/><Block Hash="M8BlMxSqbZfVIUu8Llm8YXh+1vt3eHQ2CvbTdYG2i2U=" Size="32839"/><Block Hash="SD3QyOBKZVaEiQuDVN7RPPbHY7x6FqLn5jnuejemgN8=" Size="38925"/><Block Hash="g89cG89ho10T7bcv2ooJcd4aF4eMrYXjyiqtfy/rI3I=" Size="22666"/><Block Hash="l5qYOiRuX5TfKa6e/jsscSM/kO/9QHJPuzeemoAUiow=" Size="26888"/><Block Hash="7t6qaz+DPBwib//6qHidY0s0e//wOFtAgSo4ayw9zuc=" Size="33482"/><Block Hash="oGCeOZr9Ho2xXCZDn3SK3apRfxqVsHP7iZ1ATpR3ZGk=" Size="23461"/><Block Hash="JCK57IRTnNDfpfEih53l+oBq0JnBKOMMGleGaHtJvFs=" Size="8860"/><Block Hash="13hrZ3ZYB2k132+Xcy8KULBxUVxVzpcbuDclHFOr19E=" Size="33908"/><Block Hash="7jEyoVas7BojfYwJkw2ewFsoCd4NdkotOZsOSyxyppQ=" Size="60403"/><Block Hash="0rwUKKqJyUXAdFlOKZChPMn6VJOTZn62LVkeHbDZNnQ=" Size="57278"/><Block Hash="vFFq8YS2EthB0JS04hr6ycrJvYCn87a4jii+NQ5uGK0=" Size="41840"/><Block Hash="0jvtaTRMvLxjVeIg5sJIAeEVMQ5g8eOInjoYdlEWrrI=" Size="63984"/><Block Hash="OJCzCecjqQSfwB7NeV3KoX9Cbf2IohLIGuhqr5pzgr8=" Size="63453"/><Block Hash="oss/oLgXiHLViHLh3zyb7QHU7JqATNlkmcF59n+taG0=" Size="46967"/><Block Hash="VNYJEgIfQl8OLdRUBtwIjZ6epHciQz8WYz1q02/Y3GU=" Size="60350"/><Block Hash="NDq2331pIiaKDTWW3b16d/eidHFue3xo/efCl8XDwZA=" Size="62646"/><Block Hash="Sx5UaN377/n5rPt6g1vpUDTWs2M5Ic6zopB42uFdmxw=" Size="47560"/><Block Hash="pb/7yBYjt1Vr1lDpl1e6++VuiYGlclMhEyyEzCMtNrk=" Size="63127"/><Block Hash="OOZhDxVRNSkkGNmdP5egQnvN70K6/6mRX5eoZkwYdEo=" Size="63143"/><Block Hash="miMYNffyBeYp2EC/v1Kb60eYJWn9XGjpmfKWHeasA9I=" Size="59105"/><Block Hash="ugRh9YVa3pcukahs2SfoXzCqMcFOlkREDR0WaaI1BXE=" Size="23389"/><Block Hash="2nHXDIWvvUL6BtjgMmop4QzcHhg9LyMeldJf0AtwR+k=" Size="27580"/><Block Hash="gxqzcja0kXoOybOnuBlAVEQOGQPOBILXHm6/ot1TJXg=" Size="24310"/><Block Hash="IKKvzJHkHyLNXYxTQFcdwUGmNdmb71vjCiDxubxqIyU=" Size="14880"/><Block Hash="nE9O81PPQMW3+UJl8yP9DkYD+xLLEiXDdqmh7MV/DaU=" Size="15992"/><Block Hash="KLzrQhjxyrEw/SmJ7QRnperetNGdFSekR1xCOcXaT9A=" Size="10834"/><Block Hash="TTlWkLcmb0/e7rLp3qlyBrcVydvFt1UakI+RGEG6keI=" Size="10414"/><Block Hash="jGm0dM9yXXw6ybljF1AR6XtppY5wDByV+WgMhbPpcyw=" Size="6142"/><Block Hash="p9q1Ci94UJRGdIrJXoDqDw/eOap3okZ2gLWsLKsXELo=" Size="11152"/><b4:FileHash Hash="0HIcQas4tlD/2Ypt5bNPJRBoF1PWk0Oed668s1yfBiQ="/></File><File Name="mfc140chs.dll" Size="39800" LfhSize="43"><Block Hash="ul811gEwlI3mIq5F2C0es9yo2hjfRZYAW9l43qP8ZUY=" Size="17212"/></File><File Name="mfc140cht.dll" Size="39800" LfhSize="43"><Block Hash="VepU0b9md/BxqRTUVnyWAa03cOZxZYpEaK+zx/rNXyc=" Size="17316"/></File><File Name="mfc140deu.dll" Size="68496" LfhSize="43"><Block Hash="I4k1oy73R1PjrpMYhsRBtZpvRLumJAYK05/f8ZO6btA=" Size="18361"/><Block Hash="reTip5J9zx7g73haCFPLvNpUPhdFUoaG5uY/E1WiFd4=" Size="2196"/><b4:FileHash Hash="/YZF7dRPeFlExZki5JkF9M0lyF++L3fnHNOx0mC8ZG4="/></File><File Name="mfc140enu.dll" Size="58736" LfhSize="43"><Block Hash="fK4UizAwmYZAaGqPaMQYxZOPnlIBunQUuyZpRZQtSXI=" Size="18929"/></File><File Name="mfc140esn.dll" Size="67448" LfhSize="43"><Block Hash="unK3FrVV6AFD+QAYt34V9ysOtHghVqVLalRqHYKn/2k=" Size="18482"/><Block Hash="nS2O8d8MVOdKYivrS2xJjcSMT8maiO0DiyA/5uNlmjs=" Size="1435"/><b4:FileHash Hash="3xprqky+TQYIZvZAJVzEPBWE+rSbfikmqoOzSJaaptY="/></File><File Name="mfc140fra.dll" Size="68488" LfhSize="43"><Block Hash="ZaG9dnVL4C01JUz2/rNL0sIRrFimP82Vnsgk5Nf++Pw=" Size="18426"/><Block Hash="Fd9lQZWSzf8MuB4riRplx2BrQ1/lRnBGUSpPPnPJpOw=" Size="2201"/><b4:FileHash Hash="VgYoUNLIbV8gz2ON4gZAodB3uoW18iHnARjsmn28ZYc="/></File><File Name="mfc140ita.dll" Size="66424" LfhSize="43"><Block Hash="CsRiU2YshPGvYRxIUWcN6ESPfq8zynPfFtNWkOzav1U=" Size="18946"/><Block Hash="hbc5ORcrXVug/pbl09ZiRoCN+bthtmOlcB8f5IWt05Q=" Size="721"/><b4:FileHash Hash="vsTGra7mS/nBJP7bDjI+sHouUH0WwBVUUmK1qonxLEE="/></File><File Name="mfc140jpn.dll" Size="48016" LfhSize="43"><Block Hash="MF7sjx7nJB7G8YOlNd3cXVA6FSFu7csJsvB52B472Sk=" Size="18013"/></File><File Name="mfc140kor.dll" Size="46968" LfhSize="43"><Block Hash="bYedYQ5Q+bC9AvNvs6o+kvtL0ZaPbitnQGIzigyfg3s=" Size="18162"/></File><File Name="mfc140rus.dll" Size="64376" LfhSize="43"><Block Hash="HgAqj6nNVOXNpZ9k81sTKGndsv9+zJTHYZgqYZ4xaJk=" Size="20010"/></File><File Name="mfc140u.dll" Size="5653880" LfhSize="41"><Block Hash="fdOEISyoaWjZPH3pNGgBgtCfgMVUhAvIOjOukzEBJJI=" Size="29475"/><Block Hash="KIYHvNWURt/R7CGn0smZsBosNIS8WAnx1yKHM+XDMRw=" Size="34187"/><Block Hash="8/h7XV3oPXJvsaSLKBExcfjx+1XZ2PeZcE8ByHZrhuo=" Size="34898"/><Block Hash="RRuMqnT//yn4LG1cwFqZXnix5Y2alvw/MDWzkOAh/5E=" Size="34230"/><Block Hash="JPTU28va6G7hhk2YjwWeXnYkRagzidI4qqT7MkTgsVA=" Size="34353"/><Block Hash="DIDvIRLVFKfM2/tns8SPQK04kxnTO1jUM20psQHc8TU=" Size="36641"/><Block Hash="sdPJm/RItn+hDOTHQCvoUXEo++MyYy5eGH/rEHjqwWY=" Size="35542"/><Block Hash="fjVWV3SF0njVGHxR0idPmKRPK9zJZ38G+o2xMLcsLJQ=" Size="34262"/><Block Hash="3stInLuPiPFGoDf+MRwaw2OVKLWZPnrQ1i57gk4whcw=" Size="34270"/><Block Hash="u3/VxAlFpHfBXtG4T0pOS25m6Bb1XRQ/l21c/8BOf9w=" Size="34725"/><Block Hash="DI6INl9xvrt2yAmg5WCt+cfBBHcgPw5oj8/56ViaI+I=" Size="33928"/><Block Hash="5Ja4KfiKK4cUOUiGx4DBza36fiPxd8/l89p36NP0Ux4=" Size="36228"/><Block Hash="LHeRNCyO47PySDQqf45FiyXXTmM+ExAiN8NXxGZ2sno=" Size="34806"/><Block Hash="3HhItjK+ZSpxR6R7MbWwzQsb1iB0WPfTSsQn5erl5ZU=" Size="32679"/><Block Hash="yYoK/oRF9M5w3oZqm6QPlo6RXlZHQDXz8FbPscLNqSs=" Size="34344"/><Block Hash="lWeMqTb3nGj4Rb39BGwDk+MWKbQUy6+/P+ZAEKka3uY=" Size="34342"/><Block Hash="UiyGCQh5zAWcq8iZ5/U3PxVMLoIoYxjf21CTrjcUg+w=" Size="26438"/><Block Hash="m4HAE/KQdczrCnwo2m5ZSUEu4Dl807KYRinCYVPElQk=" Size="34579"/><Block Hash="f6YPcYlHvlXOh9OpGsv2MwQsEXOPpg0a2AZktYJNjFs=" Size="32974"/><Block Hash="TxI1dtN67EvpW3mmThhCz1/qBpU/sSGyXeSMWmvaQD8=" Size="35528"/><Block Hash="8G5y8w96dDrI7Uh26nbToFseBYOF5PdBochQmcGjipM=" Size="33812"/><Block Hash="eS2h0QerE40mkzrnaEBwsXoA9RRiiuQYEfrfCcix3oU=" Size="36350"/><Block Hash="MMo0zQynWR0YvWropDkl8+mgyuxGL6H5CMTliR1SfDs=" Size="33594"/><Block Hash="+qLzcV00rLhiqkDPBmJzZL9+zef02w75U+xJmtPHUjo=" Size="37346"/><Block Hash="/SRC+wVELw0Ouhl28v0c3g3Gq6A6/VvQ11xPpjMQC4c=" Size="33681"/><Block Hash="KtgANVIlLdjhKku9Hie3D/LuTBS6KUIUNICruRi1GaY=" Size="35547"/><Block Hash="RAihgY2s0niIQuBMvLm/SROZEQuD9jzhBqG0C+xUtVg=" Size="32577"/><Block Hash="BY3L6MHsva1+orUm3eLkSBX1zbj2L7k7k0KI6HZ/WZc=" Size="36552"/><Block Hash="CS61CxofOOAunA/XXsvrd6XNj6Vgi7XJEpaWJQP+uZ4=" Size="33108"/><Block Hash="Y7JXi3KpthDGlMfCxw/1ojdhfER/VxuZ0V3pCbh5b80=" Size="32342"/><Block Hash="1i0r+nCGH/XqiltOVMkROOnwXiyRd1zmcCet048bmwI=" Size="34910"/><Block Hash="XdKOFzcEJ6bYFABPZ2QQYW8Zx1wE0lU4ze+ZCfg2CB8=" Size="31341"/><Block Hash="eKlp7uRy1885ttai7HAWJbyT2l38nJPDDgPhAfWDwao=" Size="31534"/><Block Hash="IUGHEctbOCxEDVzu+1llvS8Qf704CQ/58fJGvkSidM8=" Size="31881"/><Block Hash="+fQY8AMSNJ5tFs3fv2K+Y7JyK4KODbNzfHlxgES49vA=" Size="32311"/><Block Hash="7MqE/E1CvAJUd6dWcX/idFhkz+oIarS59eInERaKofA=" Size="31217"/><Block Hash="kIL/ZqWmI0szbxrqRa6YaplwLyj+C4Kv4pJzP0A2kao=" Size="34023"/><Block Hash="/RSPU6id7JHLpOhZFAaP4+paDEO5+B9S8iLNyOkfez0=" Size="33847"/><Block Hash="734lztw3hqy4bOTZculAXpf3C7pU72mk9udwUc2wbEQ=" Size="32613"/><Block Hash="GjKlMVfBgMYcuCVtIMOpAsrYKwRGXUeCfjZLcOtfcxc=" Size="32010"/><Block Hash="hcvn0cYoIAAHHxtYgAiR21T1px//FpQ4qe8V8EMh6ME=" Size="33701"/><Block Hash="UJvSPbpMPgM80lZdlvIWiuSvfF2igYkNxy9Qkd9xa6A=" Size="33231"/><Block Hash="QvIqh19MJxvlDcSzKS3tscwyW6FZkJpEp03FMmNNcTo=" Size="30355"/><Block Hash="PKy2zvuucy3Zo0YjyCD0TuHEZ2A3sSktidQ0ijSOH0w=" Size="30619"/><Block Hash="Spr3UamdRCG5y0A5rmHKHVi4TCgXCNqPCTwxkboUcFc=" Size="27121"/><Block Hash="gc1VdztTLvx4lNZF0GaQ8AbMxgbg83TLDijDVTmVBSc=" Size="27364"/><Block Hash="Oz/ZGfLWdxftPA9NmZwDZn6cY2a7IW4GKfO8dKxapwE=" Size="18207"/><Block Hash="6VpCRqbq2ADMjMnPjHqeD6AJhy7WYfnUr9UhxTvKSBc=" Size="8497"/><Block Hash="QOiUZu318fxIbM7pmK2BlmMD0bduD550C7OZ3ZOFK+s=" Size="8750"/><Block Hash="rgrrC2MWry5txNZB1RjYXZ20qGQk1HFnSwZP5CSXJzU=" Size="8133"/><Block Hash="k2kVaT8bFk1rHgOhMxr7YtEryS7RilT9voWAv8/Y4BY=" Size="9158"/><Block Hash="f7EzUPOTgbEXIX2DwETWXDgY50aY5Gj7ZmYx+Ej6zds=" Size="9032"/><Block Hash="vjiANGem5/oJ6Svt5i1gUeFXx3JblLqU35PTwMk1CoU=" Size="12535"/><Block Hash="z8I4GrQSh+LZcS3hab9ItCt9Kf0Zi/q/aRKuFQLpVnk=" Size="15861"/><Block Hash="MquerJciHGqAufXKPmD0lJLiveoWs2i90z4ohlGGxM0=" Size="10499"/><Block Hash="8J5oboZtG6L8pnfRMG9SCTwKetpeHlcqHeZdyc2m9+A=" Size="21720"/><Block Hash="9qJzeKbXrnXtPXTqboaEcKhUCtHA7hgErZ4cWCKtnok=" Size="32042"/><Block Hash="eD7kcp+Gy41ykJU6P06pdVJUxtDocAzumG5IeTD3oLM=" Size="33697"/><Block Hash="ZgkdDUxNt1MceppTOgsP6S30a/afEfwOkWycSqFx4U0=" Size="33242"/><Block Hash="Iy4XRMQRqrG0NjtUCh1d1XVGktHsg+3TPvj3z5o7ssM=" Size="38177"/><Block Hash="jlKPslDYECL9ggGDAbrqdPUQOXvyjUfQ6Ak+mVC9ZZA=" Size="14842"/><Block Hash="NI4ElDSfnev8GjYvVa4899/Kzgb735ybfWOS5uM7frE=" Size="33386"/><Block Hash="S9CYbPlumUTOW9+AMpKNHvR6C01BzQ6bi0+XnapwW90=" Size="32812"/><Block Hash="J4Ctt/RfTRZP8KyYcME+lnDhyv2uChfSP8ha5+xkw3Q=" Size="14330"/><Block Hash="fhuxz2MVGWbGnibf8oP+fISzA/UY2lSo59cYu4ADDeg=" Size="13728"/><Block Hash="vDQXByoxThlVJPV1dpVUzMNRiy0SGZp7DXoL4RbdSkA=" Size="53852"/><Block Hash="nf2y+vJThajNOxJcX94yY48WuD6ND3/vjxKZ16nDsoA=" Size="57415"/><Block Hash="gh/Us6Cq6cQ1oCSVFXtO89oyqTs4AAS7ZOyTckJKEqg=" Size="49078"/><Block Hash="iL6vO6Wft/R3OE3doBNOgetPqFSU3H/u1ztLpVPtq5E=" Size="53926"/><Block Hash="zoA0AWAwP1uZ4RP5LqmJVWoR2PR9lySKFXTwgDwlMG4=" Size="63178"/><Block Hash="mn//vl+KbcCmhAQBD0RnCTjDMDgXvpBUQOpC21asPm0=" Size="63921"/><Block Hash="bd9mradmFQ1m9EcCMPNRrlVP3KJ7M7G1uTEcyNRNuI8=" Size="41597"/><Block Hash="jNM0P0T6QO9S1LaEPHZGeI6nhhOzLC1LxkpD38cizik=" Size="63385"/><Block Hash="e/O1kN5vDTYMVUqsEnvFTDqHNmdLTofQGbW/VbUDVz0=" Size="63130"/><Block Hash="8CVIC7ICDUfjnQnC1XxiRFoejWzVcnDYfkyXa6Pgg2M=" Size="46764"/><Block Hash="hKJPWYVCHtNBPGq2j9KqAA0ZF478uiVVymYGb8pOqiA=" Size="63703"/><Block Hash="j/54xuKFn19bHJL4fCmvlosp0z0lgZmetmt5YwjWvOA=" Size="63633"/><Block Hash="sFMT6bDD6EMpOXZ6N9qrHqrWZOfvwhww51Nvr5r0FVM=" Size="39507"/><Block Hash="XE5gZ8adP0VIvhrEIp33ntBIvSFjSz/vZDBeqJ7w0TE=" Size="29447"/><Block Hash="J6RZ/Jbewb79y7D69wbUlvXEficYLaVrsMD19sgKgAA=" Size="24143"/><Block Hash="rd/iKHjT02lxSehgChWN4jP1+Yzo19L66uEaSFHbhKw=" Size="17125"/><Block Hash="JM6UbQvZfOsw8trcNZXO55uXOGuE/ZkSnvk063ouSIk=" Size="21482"/><Block Hash="7K53MrBFqFDyRGrOyB4SvlusvzhpQyItXqdabVhwP0Q=" Size="11152"/><Block Hash="rgfjhCGX6AQiZ4K0gGlSG08d03YNywlR5UhKubicUs8=" Size="6972"/><Block Hash="nKHWzdWjPqprwqEHHSQWMLYKosMlAR8YlOiseam5eF0=" Size="11925"/><Block Hash="BAZ1XW6dLHRxeivJHHq6NfJIm/ZdmsToHZJSH6gmGcc=" Size="3564"/><Block Hash="8QYiBJ7mVnzfHnG+bLIFvr4Y0jyI0Ynt4s20W1YeG5c=" Size="9538"/><b4:FileHash Hash="7c4OV6RXS46ZSFxOfL10rW3fxfd9k5P+bQgsNUvOT8U="/></File><File Name="msvcp140.dll" Size="567672" LfhSize="42"><Block Hash="AY4mFWG41d4i6MGNP6zV3070Knj1DL64fU96/fg3LkA=" Size="30026"/><Block Hash="YcgNbTm4/eOy7ytTdLGmL7BxY/G+t7Q3ORXUpNkpOxY=" Size="22901"/><Block Hash="tsrBY7vZBMhk0/rzO6u0s3OCATZr+LgYOLiXEZ9ROws=" Size="22614"/><Block Hash="9YV/nvkOq9YXvc7pRNJluAnc7UAQzm/WSbG0Sz3dKFU=" Size="25004"/><Block Hash="CVdIBYWyh7yQgK6rZ8YkNlanAybsl8inywWIGDJMDVE=" Size="16535"/><Block Hash="uda88cMDb0BfYSFdFxMa/RIDpzV2rcYSm8Arpl6mILY=" Size="24445"/><Block Hash="aS+oygM+gAq5d7wbVmPCd+rYjo/CCsdWNiPYH+8cJIQ=" Size="18738"/><Block Hash="kogfaNhXlpNrsVBMiUXaIxbfchOLkr3XKK98ceGoyhA=" Size="5420"/><Block Hash="wrysxqXBzouWsFtgLa30EIUY2EluBG1HXFggAVmnouI=" Size="19671"/><b4:FileHash Hash="7GMOAzblzolzqtoKRspALTANMmym+sKxU/jbUf6Pkcs="/></File><File Name="msvcp140_1.dll" Size="23928" LfhSize="44"><Block Hash="dwMawb6uPIG403xq+zwEmvLii3m5nqV2j94/DxoNkOs=" Size="11938"/></File><File Name="msvcp140_2.dll" Size="185744" LfhSize="44"><Block Hash="EMIpVbXNpvdNcFy1WWcA8hPqx9IniF0c/oKrcFP/+cI=" Size="25331"/><Block Hash="vXlaeRj/n8yO6yIKUDWuKNxksj7spo4mabL0HVxetzY=" Size="28431"/><Block Hash="LrKEuyye/NsSswBPw4w0NVQsVx/0wRFj1KIZ1sJn+q0=" Size="27296"/><b4:FileHash Hash="j4QmwTqCcP9XGce18mUOWjeVe7F9gP1dr/YRgcQKhD0="/></File><File Name="msvcp140_atomic_wait.dll" Size="56184" LfhSize="54"><Block Hash="K4pS1uHNZCD+TaIu28BpQ7hu7483oQfQK4CswL5PAM4=" Size="21727"/></File><File Name="msvcp140_codecvt_ids.dll" Size="20344" LfhSize="54"><Block Hash="iW7vZfunuNPVK6hwmCqC/xjyorIUnQPkZrA7jCeMufI=" Size="10552"/></File><File Name="vcamp140.dll" Size="405880" LfhSize="42"><Block Hash="34Von/JDSWghWZ0c3Q9C/Aq6/fFrjgaWtHYTSp/WJ+4=" Size="33242"/><Block Hash="Lfg3L7ic+ewXIZajYj0x5dS5RDjL3NcAFsF3b46YQCY=" Size="33194"/><Block Hash="qRZN4+qZg5ns7uJRamipvpB51SmDchEYLHw8qUKreYI=" Size="31513"/><Block Hash="8xSTXhcViRYabbpJhNEbOjqZfnp0rYRNhjNFN2TPjMI=" Size="27451"/><Block Hash="qQI4oWxSfrnxeEUQquwj2YkTPpY6dtz08NTLnn6VVow=" Size="28812"/><Block Hash="Db7rZzUypWwkKvx6zVvjTycjDDeHXahSiIqMU+aQAB0=" Size="23309"/><Block Hash="Gcy9DLRFQ7PTWslb2b+1KXwr0skKJRNSK6zEY0pSCUE=" Size="7500"/><b4:FileHash Hash="M1p2IamH/6CEaHX5jMpQKiSBA8fZSChn9QOnYQ6d4vM="/></File><File Name="vccorlib140.dll" Size="335248" LfhSize="45"><Block Hash="DivbCRpqphoMMnW3TzDnIQt9tA0a1zWgLifGpxfw0Io=" Size="19505"/><Block Hash="Bk7D3slwlwYIsHuOGYvWtSNuANlkIrXR4RJKpLHNGHQ=" Size="22184"/><Block Hash="nLQWw2nEBJSRuug5rEuQxdy1b1vn1YWeZ6sirOmjaP4=" Size="25815"/><Block Hash="l+GX0y+EbT6DSbLDq61LRFQA8g4L230WTf0TOZS8NTs=" Size="17926"/><Block Hash="PYbNeSylD5fxRODacsSE6vESN9QpKbjbNq8vZA3IKJA=" Size="17086"/><Block Hash="wF41TAhO5V6Y19i6JPYEaDItdC38Ysxw9a6Y3XHp9Bk=" Size="4912"/><b4:FileHash Hash="xaX8rRTAcOv0LeAR9LbMc5WvyFoISlrU6ehn9xnBeqE="/></File><File Name="vcomp140.dll" Size="180600" LfhSize="42"><Block Hash="3U/VqvheBwezwpZk0WgNV8qfMuqYnR1Cm0dGglZio6c=" Size="33486"/><Block Hash="R22QpOKSHNIaqn96A9EIrDSS6P2PAdj3lUJrKhCCFjQ=" Size="34023"/><Block Hash="Arxgo2SZ7IxM+RC0hnFz8eoIFEHKlU5skmpkSrdAkVE=" Size="24728"/><b4:FileHash Hash="z1g7az8mJpCw8p6ppJ0ZO7l5o8ZOSfO1zkRCWPoqh1U="/></File><File Name="vcruntime140.dll" Size="97144" LfhSize="46"><Block Hash="hMYTl1mT1pLnzo6+M7z8eiQ5AvHUndfUkXDGA++vDyY=" Size="36174"/><Block Hash="7LondRDxKeW5BkVPFMqF9awmoifh9s1sXp9FOXKzg2c=" Size="15259"/><b4:FileHash Hash="CBonOtgJ9lDrrrkcEfzHoa2RIypyKPjpi1IZH+RMsG0="/></File><File Name="vcruntime140_1.dll" Size="37264" LfhSize="48"><Block Hash="gSsgCO44Cn/Pe55ebplZ2hcaHtBSAygzd4Hqa9tmFeg=" Size="19927"/></File><File Name="AppxManifest.xml" Size="1293" LfhSize="46"><Block Hash="wvzltuUQmjfbyO/q5+MJGg1ASYHjcHh/NYl3ezQigsc=" Size="643"/></File></BlockMap>